0f4113cc-2d5f-4388-a99a-6c149fe887f7,15999,1,2025-04-30 01:08:52.641,2025-04-30 01:08:52.641,"Mainboard Gigabyte Micro-ATX B760M DS3H, S-1700,",https://www.compugamer.com.ec/gamer/567-home_default/B760MDS3H.jpg,0
10d19658-43e2-492a-83f3-7bc3eca3f686,27700,1,2025-04-30 01:08:52.637,2025-04-30 01:08:52.637,"Monitor ASUS VA27EHF LED 27"", Full HD, 100Hz, HDMI,",https://www.compugamer.com.ec/gamer/219-home_default/VA27EHF.jpg,0
147a1568-2660-4412-a635-bddd8374e9ec,2.499,1,2025-04-30 01:08:52.640,2025-04-30 01:08:52.640,"Tarjeta de Video Gigabyte RTX 4090 WINDFORCE V2 24G,",https://www.compugamer.com.ec/gamer/469-home_default/GV-N4090WF3V2-24GD.jpg,0
152b3c24-3504-4346-9383-f75268f97cac,11294,2,2025-04-30 01:08:52.639,2025-04-30 01:08:52.639,"Mainbaord ASUS Micro-ATX H610M-K D4, S-1700, Intel",https://www.compugamer.com.ec/gamer/264-home_default/h610mkd4.jpg,0
16a245ce-80ad-459c-b528-9e018762707f,1.059,0,2025-04-30 01:08:52.641,2025-04-30 01:08:52.641,"Monitor Gamer Corsair Xeneon 32QHD240 LED 32"", Quad",https://www.compugamer.com.ec/gamer/420-home_default/32QHD240.jpg,0
1797f488-e8a3-4170-bcf0-301f54a68683,13999,1,2025-04-30 01:08:52.640,2025-04-30 01:08:52.640,"Mainboard Gigabyte A620M S2H, S-AM5, AMD A620, HDMI,",https://www.compugamer.com.ec/gamer/461-home_default/a620s2h.jpg,0
1855cfe5-7234-4ff6-afa3-e4da6ae4f4ef,6200,2,2025-04-30 01:08:52.640,2025-04-30 01:08:52.640,MEMORIA RAM KINGSTON FURY 1X16GB DDR5 5200MHZ,https://www.compugamer.com.ec/gamer/618-home_default/fury16gbddr5.jpg,0
192cbf0e-3535-49d5-b853-ade7f2acd187,21500,7,2025-04-30 01:08:52.639,2025-04-30 01:08:52.639,Procesador Intel Core i5-13400 Intel UHD Graphics 730,https://www.compugamer.com.ec/gamer/256-home_default/i513400.jpg,0
19ba5ad9-f7d9-4f64-9f91-b3cd9319360a,4415,5,2025-04-30 01:08:52.641,2025-04-30 01:08:52.641,"Memoria RAM Adata 16GB DDR4, 3200MHz para PC",https://www.compugamer.com.ec/gamer/434-home_default/16gbadata3200mhz.jpg,0
1a32eeb3-6602-43ec-8a08-1e9f0e2c3d36,62900,1,2025-04-30 01:08:52.639,2025-04-30 01:08:52.639,"Monitor Gamer Curvo Gigabyte M32QC LED 315"", Quad",https://www.compugamer.com.ec/gamer/498-home_default/M32QC.jpg,0
1dc0f147-1cbb-4b96-87b0-91c743c7c56b,12500,1,2025-04-30 01:08:52.641,2025-04-30 01:08:52.641,"UPS APC BV1000, 600W, 1000VA, 120V, 6 Contactos",https://www.compugamer.com.ec/gamer/399-home_default/bv1000.jpg,0
1f1e8d53-f87f-47a1-8853-ecb14f21c557,39900,1,2025-04-30 01:08:52.637,2025-04-30 01:08:52.637,"Procesador Intel Core i5-14600KF, S-1700, 350GHz,",https://www.compugamer.com.ec/gamer/442-home_default/i5-14600kf.jpg,0
1f3e8b1e-c214-46f7-a827-2550b0f46afb,51237,7,2025-04-30 01:08:52.638,2025-04-30 01:08:52.638,"Procesador Intel Core i7-13700 Intel , S-1700,",https://www.compugamer.com.ec/gamer/255-home_default/i713700.jpg,0
1f785b5d-5674-4995-bb7f-3782941b7791,7990,1,2025-04-30 01:08:52.640,2025-04-30 01:08:52.640,"SSD Western Digital WD Green, 1TB, SATA III, 25"", 7mm",https://www.compugamer.com.ec/gamer/492-home_default/WDS100T3G0A.jpg,0
20b94a21-3a52-4f41-b5e2-91675e9f6270,11192,7,2025-04-30 01:08:52.639,2025-04-30 01:08:52.639,Mainboard ASUS A520M-K AM4 DDR4 AMD,https://www.compugamer.com.ec/gamer/268-home_default/a520mk.jpg,0
248a5e7b-dfcd-48a0-a72e-8bce1badab56,12500,1,2025-04-30 01:08:52.640,2025-04-30 01:08:52.640,Mainboard Asus A620M-K DDR5 AM5 - AMD,https://www.compugamer.com.ec/gamer/460-home_default/A620M-KAM5.jpg,0
25207f3d-2cb7-4567-ad85-3f5165dc63c9,3079,7,2025-04-30 01:08:52.638,2025-04-30 01:08:52.638,Case Generico 500watts Heltech,https://www.compugamer.com.ec/gamer/284-home_default/caseheltech.jpg,0
2981e564-9643-4af8-8e17-f92199f9e41b,8830,7,2025-04-30 01:08:52.640,2025-04-30 01:08:52.640,"Memoria RAM Kingston FURY Beast DDR5, 5600MHz, 16GB,",https://www.compugamer.com.ec/gamer/439-home_default/memoria-ram-kingston-fury-beast-ddr5-5600mhz-16gb-ecc-cl40-xmp.jpg,0
2bc82480-3fd5-429e-ab81-dfd4c7de9239,40969,1,2025-04-30 01:08:52.638,2025-04-30 01:08:52.638,"Procesador Intel Core i7-12700, S-1700, 210GHz,",https://www.compugamer.com.ec/gamer/259-home_default/i7-12700.jpg,0
2c6c14ca-6417-40d9-9160-57c554724eb3,914,2,2025-04-30 01:08:52.640,2025-04-30 01:08:52.640,"Teclado Genius Smart KB-100, Alámbrico, Negro (Español)",https://www.compugamer.com.ec/gamer/156-home_default/KB100.jpg,0
2daccbe5-90b8-480d-8116-cbd7f80e07f8,5133,1,2025-04-30 01:08:52.638,2025-04-30 01:08:52.638,Case GAMER 3 FAN USB 20 sin FUENTE DE PODER,https://www.compugamer.com.ec/gamer/348-home_default/CASEGAMER.jpg,0
2db88bb9-ecd6-4642-a235-11498ab3cdf7,1.019,1,2025-04-30 01:08:52.640,2025-04-30 01:08:52.640,"Tarjeta de Video Gigabyte RTX 4070 Ti EAGLE OC 12G,",https://www.compugamer.com.ec/gamer/475-home_default/GV-N407TEAGLEOC-12GD.jpg,0
2ef04cab-2d8d-4dbc-ac32-e5346fbd52ab,36999,1,2025-04-30 01:08:52.641,2025-04-30 01:08:52.641,"Mainboard Gigabyte ATX Z790 GAMING X AX, S-1700,",https://www.compugamer.com.ec/gamer/566-home_default/Z790GAMINGXAX.jpg,0
2efc027e-d876-4ae7-8762-1190678284e8,28000,1,2025-04-30 01:08:52.641,2025-04-30 01:08:52.641,UPS Interactivo Hikvision DS-UPS3000-X 3000VA -,https://www.compugamer.com.ec/gamer/596-home_default/DS-UPS3000-X.jpg,0
32a60de8-a996-45dc-bf63-185267c54f91,27700,1,2025-04-30 01:08:52.638,2025-04-30 01:08:52.638,"APC BR1350M2-LM Línea Interactiva, 810W, 1350VA, 10",https://www.compugamer.com.ec/gamer/400-home_default/BR1350M2-LM.jpg,0
33abeda7-e5ee-40b3-a610-d35a052f9616,4004,7,2025-04-30 01:08:52.638,2025-04-30 01:08:52.638,"SSD Kingston A400, 240GB, SATA III, 25'', 7mm",https://www.compugamer.com.ec/gamer/277-home_default/240gba400.jpg,0
33e1a46d-1abc-4195-afd5-4821e76e2fd1,4004,1,2025-04-30 01:08:52.635,2025-04-30 01:08:52.635,"Cooler de aire Cooler Master Hyper H410R, 92mm, 600",https://www.compugamer.com.ec/gamer/312-home_default/H410R.jpg,0
37c2aee3-0a25-4fe0-8b9b-63ee1ecddeb5,18900,2,2025-04-30 01:08:52.635,2025-04-30 01:08:52.635,"Fuente de Poder Corsair RM1000e 80 PLUS Gold, 24-pin",https://www.compugamer.com.ec/gamer/304-home_default/RM1000e.jpg,0
3c091da0-3615-4209-bbf7-8900d7b34668,23513,1,2025-04-30 01:08:52.640,2025-04-30 01:08:52.640,Case Asus vidrio templado ASUS TUF Gaming GT501 / 3,https://www.compugamer.com.ec/gamer/299-home_default/GT501.jpg,0
3caa7212-ac37-40a6-a131-9a310089d10e,19900,1,2025-04-30 01:08:52.640,2025-04-30 01:08:52.640,Case Corsair iCUE 5000X con Ventana RGB,https://www.compugamer.com.ec/gamer/477-home_default/5000xblack.jpg,0
3e00a7ff-e62f-41fd-9f60-f22e2f0ecdf5,7999,7,2025-04-30 01:08:52.637,2025-04-30 01:08:52.637,"Memoria RAM Kingston FURY Beast DDR5, 5200MHz, 16GB,",https://www.compugamer.com.ec/gamer/438-home_default/16GB5200MHZ.jpg,0
3eab1750-e7bf-42cd-8659-4c5bc531a5a2,26000,1,2025-04-30 01:08:52.637,2025-04-30 01:08:52.637,Fuente de Poder Corsair GOLD Modular Shift Series,https://www.compugamer.com.ec/gamer/309-home_default/RM1200x.jpg,0
3f6ca07c-3fa5-43f6-a14d-ff23d2a1d236,14900,7,2025-04-30 01:08:52.640,2025-04-30 01:08:52.640,"SSD Kingston NV2 NVMe, 2TB,  PCI 40",https://www.compugamer.com.ec/gamer/394-home_default/NV22TB.jpg,0
41349ed5-1062-490e-a3ea-ed715fe81900,2.35031,1,2025-04-30 01:08:52.638,2025-04-30 01:08:52.638,Tarjeta de Video ASUS NVIDIA TUF Gaming GeForce RTX,https://www.compugamer.com.ec/gamer/236-home_default/TUF-RTX4090-O24G-OG-GAMING.jpg,0
42e871e5-0158-4cbe-9dcf-c66f17bf1292,5647,1,2025-04-30 01:08:52.639,2025-04-30 01:08:52.639,Case Antec AX61 Elite con Ventana Midi-Tower - 4 FAN,https://www.compugamer.com.ec/gamer/486-home_default/AX61ELITE.jpg,0
447a9dff-5e99-4533-bcaf-3253897347c1,96500,2,2025-04-30 01:08:52.641,2025-04-30 01:08:52.641,Procesador Intel Core Ultra 9 285K con Intel,https://www.compugamer.com.ec/gamer/610-home_default/ultra9285k.jpg,0
448ccf67-ca11-42f6-816f-233870435f35,9240,1,2025-04-30 01:08:52.640,2025-04-30 01:08:52.640,"Mainbaord  ASUS Micro-ATX PRIME H510M-K R20,",https://www.compugamer.com.ec/gamer/459-home_default/H510MK.jpg,0
45209bf8-da8e-4c1b-9fc6-2ad3ac802c46,8900,1,2025-04-30 01:08:52.638,2025-04-30 01:08:52.638,UPS CDP Modelo R-SMART 1010 1000VA 500W 10 TOMAS,https://www.compugamer.com.ec/gamer/568-home_default/rsmart1010.jpg,0
4a2f4bc6-6287-43e0-8263-3cb345754234,13000,0,2025-04-30 01:08:52.641,2025-04-30 01:08:52.641,"UPS APC BVX1200L-LM Línea Interactiva, 650W, 1200VA,",https://www.compugamer.com.ec/gamer/402-home_default/BVX1200L-LM.jpg,0
4aa06a40-9b98-458e-8cca-9ea581327175,6999,1,2025-04-30 01:08:52.637,2025-04-30 01:08:52.637,"UPS APC BV500, 300W, 500VA, 6 Contactos",https://www.compugamer.com.ec/gamer/401-home_default/BV500.jpg,0
4bf002e1-8850-403c-886f-5ad953597717,25500,1,2025-04-30 01:08:52.639,2025-04-30 01:08:52.639,"SSD Kingston FURY Renegade NVMe, 2TB, PCI Express",https://www.compugamer.com.ec/gamer/489-home_default/SFYRD2000G.jpg,0
4cd1dd27-084a-4496-bdc6-e45489568814,23513,7,2025-04-30 01:08:52.642,2025-04-30 01:08:52.642,"Monitor LG 24MK430H-B LED 24'', Full HD, 75Hz, HDMI,",https://www.compugamer.com.ec/gamer/224-home_default/24mk430.jpg,0
4d659962-ea4b-4b53-9c63-0e9efcea0543,19900,0,2025-04-30 01:08:52.639,2025-04-30 01:08:52.639,"Procesador Intel Core i5-12400, S-1700, 250GHz,",https://www.compugamer.com.ec/gamer/258-home_default/i512400.jpg,0
509d51eb-1b91-416d-92f3-86e94db43aa5,28500,1,2025-04-30 01:08:52.641,2025-04-30 01:08:52.641,"Case Corsair 7000D Airflow con Ventana, Full Tower,",https://www.compugamer.com.ec/gamer/482-home_default/7000D.jpg,0
513701f5-21f1-4fb7-8197-b0f8f2430067,43022,2,2025-04-30 01:08:52.638,2025-04-30 01:08:52.638,"Tarjeta de Video MSI NVIDIA RTX 3060 Ventus 3 FAN,",https://www.compugamer.com.ec/gamer/243-home_default/RTX306012GBMSI.jpg,0
52174412-65d5-4257-a956-5e67dba8f603,15500,7,2025-04-30 01:08:52.639,2025-04-30 01:08:52.639,"SSD Kingston NV3 NVMe, 2TB,  PCI 40 6,000/5,000MB/seg",https://www.compugamer.com.ec/gamer/576-home_default/NV32TB.jpg,0
5371d91f-df5d-4938-bad9-fdfa0e247e9f,33000,1,2025-04-30 01:08:52.641,2025-04-30 01:08:52.641,"Mainboard ASUS PRIME Z890-P, ATX, LGA 1851 (Socket",https://www.compugamer.com.ec/gamer/602-home_default/Z890P.jpg,0
55300ce4-0890-4d3e-9c3e-fc1dd4261ee5,16900,1,2025-04-30 01:08:52.640,2025-04-30 01:08:52.640,Fuente de Poder ASUS TUF Gaming 850W Gold 80 PLUS,https://www.compugamer.com.ec/gamer/562-home_default/TUF-GAMING-850G.jpg,0
55b74372-c690-454e-84de-7472e72b8e1c,25567,7,2025-04-30 01:08:52.637,2025-04-30 01:08:52.637,"Procesador AMD Ryzen 7 5700G, S-AM4, 380GHz",https://www.compugamer.com.ec/gamer/260-home_default/5700g.jpg,0
5606d1cf-4584-4226-a942-41de319cf6f8,20022,1,2025-04-30 01:08:52.641,2025-04-30 01:08:52.641,"Mainboard Gigabyte B760M DS3H AX *DDR5*, S-1700,",https://www.compugamer.com.ec/gamer/455-home_default/B760MDS3HAX.jpg,0
57ef304f-f2b1-4ab8-aaf6-0a82a29cffb9,26900,1,2025-04-30 01:08:52.638,2025-04-30 01:08:52.638,"SSD Kingston FURY Renegade NVMe, 2TB, PCI Express",https://www.compugamer.com.ec/gamer/490-home_default/SFYRDK2000G.jpg,0
580aada7-8501-4d6b-89db-d30d8a419b9d,58000,1,2025-04-30 01:08:52.639,2025-04-30 01:08:52.639,POWER STATION FORZA TITAN 700W FPP-T700 - BATERÍA LMFP,https://www.compugamer.com.ec/gamer/597-home_default/FPP-T700.jpg,0
58cb3509-889e-4842-b42a-c6aabdf3e4fd,5647,7,2025-04-30 01:08:52.640,2025-04-30 01:08:52.640,Kit Combo  Quasad bundle 4 en 1 Teclado Mouse,https://www.compugamer.com.ec/gamer/175-home_default/kit-combo-quasad-bundle-4-en-1-teclado-mouse-headset-mouse-pad.jpg,0
5cc0aaac-73fe-473c-ba22-fe4e1e273b99,21000,1,2025-04-30 01:08:52.641,2025-04-30 01:08:52.641,"UPS APC BX2000M-LM Intercativo, 1200W - 2000VA 6 tomas",https://www.compugamer.com.ec/gamer/405-home_default/BX2000M-LM.jpg,0
5d5ff10e-3989-4905-80e3-30e8e905e01b,26594,1,2025-04-30 01:08:52.639,2025-04-30 01:08:52.639,"Monitor Quasad 238"" FULLHD 165hz  1MS Modelo Qm-g24",https://www.compugamer.com.ec/gamer/369-home_default/Qm-g24.jpg,0
5dc69ace-3aa1-4ce6-9580-0dfe3b71a464,7200,14,2025-04-30 01:08:52.640,2025-04-30 01:08:52.640,"SSD Kingston NV2 NVMe, 1TB, PCIe 40",https://www.compugamer.com.ec/gamer/395-home_default/NV21TB.jpg,0
5e595c40-00a2-4624-8859-a0ef8170cbb9,14500,1,2025-04-30 01:08:52.638,2025-04-30 01:08:52.638,"Audífonos Corsair VOID RGB ELITE Wireless 71,",https://www.compugamer.com.ec/gamer/417-home_default/CA-9011201-NA.jpg,0
5f308f1c-aca1-413a-854c-3ebc5ea08350,48900,2,2025-04-30 01:08:52.640,2025-04-30 01:08:52.640,Tarjeta de Video Gigabyte NVIDIA GeForce RTX 4060,https://www.compugamer.com.ec/gamer/624-home_default/GV-N4060WF2-8GD.jpg,0
5ff37926-8b28-4e58-90a5-19f6a6837cf0,22900,1,2025-04-30 01:08:52.638,2025-04-30 01:08:52.638,Procesador AMD Ryzen 5 8500G con Gráficos Radeon,https://www.compugamer.com.ec/gamer/560-home_default/8500g.jpg,0
61ded36e-9a87-4247-99b9-e2b92410366d,11500,1,2025-04-30 01:08:52.637,2025-04-30 01:08:52.637,"Memoria Ram Corsair Vengeance 32GB DDR5, 5200MHZ,",https://www.compugamer.com.ec/gamer/433-home_default/CMK32GX5M1B5200C40.jpg,0
62c5967f-6f1a-4e02-8fec-1c9fb0f93c6f,43500,1,2025-04-30 01:08:52.641,2025-04-30 01:08:52.641,Procesador Intel Core Ultra 5 245K  LGA 1851  14x,https://www.compugamer.com.ec/gamer/582-home_default/ultra5245k.jpg,0
650c8d61-703f-4ef1-856a-6ea79f299b8c,27000,1,2025-04-30 01:08:52.640,2025-04-30 01:08:52.640,"Monitor Gamer TUF Gaming 24"" FHD Panel IPS 180Hz 1ms",https://www.compugamer.com.ec/gamer/627-home_default/VG249Q3A.jpg,0
65c3952a-e192-48ac-a75e-a5180a6f3849,8700,5,2025-04-30 01:08:52.640,2025-04-30 01:08:52.640,Fuente de Poder Corsair CV750 80 PLUS Bronze,https://www.compugamer.com.ec/gamer/302-home_default/cv750.jpg,0
6667e175-27a0-4efb-88ef-7c4d57d98de3,39900,1,2025-04-30 01:08:52.641,2025-04-30 01:08:52.641,"Case Corsair iCUE 5000T RGB, USB 30, sin Fuente,",https://www.compugamer.com.ec/gamer/479-home_default/5000T.jpg,0
671b178d-3ea3-4bf1-8ec5-4e93022e983e,9138,1,2025-04-30 01:08:52.640,2025-04-30 01:08:52.640,"Fuente de Poder Corsair CX650M 80 PLUS Bronze, 650W",https://www.compugamer.com.ec/gamer/303-home_default/cx650m.jpg,0
68559a08-2160-45c6-b75f-dd1a7d95e2cf,38915,7,2025-04-30 01:08:52.638,2025-04-30 01:08:52.638,"Monitor ASUS Pro Art PA247CV LED 238"", Full HD,",https://www.compugamer.com.ec/gamer/221-home_default/PA247CV.jpg,0
6a0a9887-605e-4d62-9756-1fea0bfa6735,13999,2,2025-04-30 01:08:52.638,2025-04-30 01:08:52.638,"Fuente de Poder Corsair RM850e 80 PLUS Gold, 24-pin",https://www.compugamer.com.ec/gamer/308-home_default/RM850e.jpg,0
6d06be6a-b76a-4e76-b6fa-b4f529576c2d,16326,7,2025-04-30 01:08:52.639,2025-04-30 01:08:52.639,"Mainbaord ASUS Micro-ATX PRIME B760M-A , S-1700,",https://www.compugamer.com.ec/gamer/267-home_default/mainbaord-asus-micro-atx-prime-b760m-a-s-1700-intel-b760-hdmi-128gb-ddr5.jpg,0
6d11c1e9-2e49-4bbe-8cc1-3c042b7405f8,85500,1,2025-04-30 01:08:52.639,2025-04-30 01:08:52.639,Tarjeta de Video Gigabyte RTX 4070 SUPER GAMING OC,https://www.compugamer.com.ec/gamer/409-home_default/GV-N407SGAMINGOC12GD.jpg,0
6dc703c7-0795-40f1-98bd-75666ba4d9a1,7500,15,2025-04-30 01:08:52.639,2025-04-30 01:08:52.639,"SSD Kingston NV3 NVMe, 1TB, PCIe 40 6,000/4,000MB/seg",https://www.compugamer.com.ec/gamer/577-home_default/N321TB.jpg,0
6e24940a-1c8e-4f28-a6b4-2c16c115fbb9,1.40567,1,2025-04-30 01:08:52.641,2025-04-30 01:08:52.641,"Monitor Gamer ASUS ROG Swift PG27AQN LED 27"", Quad",https://www.compugamer.com.ec/gamer/341-home_default/PG27AQN.jpg,0
7028dab1-30cf-480c-87f5-ccc73bfdb92c,41500,1,2025-04-30 01:08:52.640,2025-04-30 01:08:52.640,"Monitor LG UltraGear 27GR75Q-B 27"" QHD IPS 165Hz 1ms",https://www.compugamer.com.ec/gamer/546-home_default/27GR75Q.jpg,0
706fb114-0b29-4bba-b81c-e0700adfca3f,4415,5,2025-04-30 01:08:52.638,2025-04-30 01:08:52.638,"Memoria RAM Kingston 16GB DDR4, 3200MHz para PC",https://www.compugamer.com.ec/gamer/435-home_default/16gbkin3200mhz.jpg,0
7161138b-6682-4da8-8c1e-36db76de13ab,5900,1,2025-04-30 01:08:52.641,2025-04-30 01:08:52.641,"SSD Western Digital WD Blue SN580 NVMe, 500GB, PCI",https://www.compugamer.com.ec/gamer/491-home_default/WDS500G3B0E.jpg,0
747b8e2a-d44a-4b10-9104-927e1eb4a54e,11808,2,2025-04-30 01:08:52.635,2025-04-30 01:08:52.635,"Memoria RAM Adata AD5U480032G-S DDR5, 4800MHz, 32GB",https://www.compugamer.com.ec/gamer/437-home_default/32GBADAT48000MHZ.jpg,0
74e3b23b-1584-4c8a-87c2-40ac49a7b362,20900,1,2025-04-30 01:08:52.638,2025-04-30 01:08:52.638,SSD NVMe ADATA Legend 900 de 2 TB 7000 MB/s,https://www.compugamer.com.ec/gamer/392-home_default/2tbadata.jpg,0
7516fb79-496d-4ba9-b659-fd2c83f44e29,7500,2,2025-04-30 01:08:52.637,2025-04-30 01:08:52.637,Fuente De Poder Corsair CV650 80 PLUS Bronze,https://www.compugamer.com.ec/gamer/301-home_default/cv650.jpg,0
78d240a1-caa2-4113-be08-cad03dd8cb3f,8900,1,2025-04-30 01:08:52.640,2025-04-30 01:08:52.640,"UPS BV800, APC 450W, 800VA, 120V, Salida 120V, 6",https://www.compugamer.com.ec/gamer/398-home_default/BV800.jpg,0
795e40b8-0aeb-449a-aa76-05ad51a29448,5900,7,2025-04-30 01:08:52.635,2025-04-30 01:08:52.635,"SSD Kingston NV2 NVMe, 500GB, PCI Express 40, M2",https://www.compugamer.com.ec/gamer/276-home_default/NV2500GB.jpg,0
7cce162f-21a4-4f2a-8d3e-066e271a1c01,5900,1,2025-04-30 01:08:52.640,2025-04-30 01:08:52.640,Mini UPS OLAX POE-D6 20000 mAh,https://www.compugamer.com.ec/gamer/598-home_default/OLAXPOE-D6.jpg,0
7cfefb8b-8316-48f1-8dbc-998b7cd45b3b,11900,1,2025-04-30 01:08:52.639,2025-04-30 01:08:52.639,"UPS No Break APC BVX900L-LM Línea interactiva, 480W,",https://www.compugamer.com.ec/gamer/592-home_default/BVX900L-LM.jpg,0
7d35eb60-f42d-4919-90cf-b73e5e2521dc,39737,1,2025-04-30 01:08:52.642,2025-04-30 01:08:52.642,"Procesador AMD Ryzen 7 7700, S-AM5",https://www.compugamer.com.ec/gamer/263-home_default/R77700.jpg,0
7e282314-0223-4c72-9289-159e63b2dca7,4900,1,2025-04-30 01:08:52.639,2025-04-30 01:08:52.639,"Case Antec NX270 TG con Ventana, Midi-Tower,",https://www.compugamer.com.ec/gamer/485-home_default/NX270GT.jpg,0
7f2a784f-d631-4306-a69f-d8dd904490b6,19406,2,2025-04-30 01:08:52.637,2025-04-30 01:08:52.637,"Case Corsair 5000D AIRFLOW con Ventana, ATX/ sin",https://www.compugamer.com.ec/gamer/283-home_default/5000D.jpg,0
7f6754c8-8927-44af-ab67-fbc7e2a73de1,39900,1,2025-04-30 01:08:52.640,2025-04-30 01:08:52.640,Procesador AMD Ryzen 7 8700G con Gráficos Radeon,https://www.compugamer.com.ec/gamer/561-home_default/8700G.jpg,0
7fc70037-63bd-48dc-90a7-b5f8d4f16118,66900,1,2025-04-30 01:08:52.641,2025-04-30 01:08:52.641,"Mainboard ASUS ROG STRIX Z890-E GAMING WIFI, ATX,",https://www.compugamer.com.ec/gamer/603-home_default/Z890-E.jpg,0
800cd8f4-17d7-4d69-8449-508ba7d9885e,48900,1,2025-04-30 01:08:52.639,2025-04-30 01:08:52.639,Tarjeta de Video ASUS NVIDIA Dual GeForce RTX 4060,https://www.compugamer.com.ec/gamer/331-home_default/rtx40609gb.jpg,0
84556902-f304-4fc6-8b62-5719475ec111,29674,1,2025-04-30 01:08:52.639,2025-04-30 01:08:52.639,"Mainboard ASUS ATX TUF GAMING B650-PLUS WIFI, AM5",https://www.compugamer.com.ec/gamer/272-home_default/b650pluswifi.jpg,0
850a8514-d4b1-4dfb-bd56-addf7402caf9,15299,1,2025-04-30 01:08:52.640,2025-04-30 01:08:52.640,Case Asus vidrio templado ASUS TUF Gaming GT301 ATX,https://www.compugamer.com.ec/gamer/292-home_default/gt301.jpg,0
85dc5448-e064-4539-898a-387b42c83ae7,77522,1,2025-04-30 01:08:52.640,2025-04-30 01:08:52.640,"Procesador Intel Core i9-13900K, S-1700, 24-Core,",https://www.compugamer.com.ec/gamer/253-home_default/pci913900k4090.jpg,0
85f368a0-6747-4a62-b2b1-8eb19bffe9eb,39999,1,2025-04-30 01:08:52.639,2025-04-30 01:08:52.639,"Monitor Asus 27"" 180Hz VG279QL3A TUF Gaming IPS",https://www.compugamer.com.ec/gamer/497-home_default/VG279QL3A.jpg,0
869c06c8-1569-4bd0-a951-79db92065ce3,26500,1,2025-04-30 01:08:52.639,2025-04-30 01:08:52.639,"UPS No Break Forza Power Technologies FX-2200LCD,",https://www.compugamer.com.ec/gamer/591-home_default/FX2200LCD.jpg,0
8900f6e8-4397-4fbc-9e1b-8df2a73abd86,29900,1,2025-04-30 01:08:52.640,2025-04-30 01:08:52.640,Procesador AMD Ryzen 5 8600G con Gráficos Radeon 760M,https://www.compugamer.com.ec/gamer/450-home_default/8600G.jpg,0
890563f1-deef-4bfe-a7d1-18eafdfd63f5,8112,14,2025-04-30 01:08:52.637,2025-04-30 01:08:52.637,"SSD Kingston A400, 960GB, SATA III, 25'', 7mm",https://www.compugamer.com.ec/gamer/279-home_default/a400960gb.jpg,0
8a26bc67-0735-4fe2-bf7a-d1e6830bc07e,7900,0,2025-04-30 01:08:52.641,2025-04-30 01:08:52.641,"Fuente de Poder Corsair CX750 80 PLUS Bronze, 24-pin",https://www.compugamer.com.ec/gamer/608-home_default/cx750.jpg,0
8b69f37a-a4e6-4010-b182-b7645295f7a1,13000,2,2025-04-30 01:08:52.638,2025-04-30 01:08:52.638,"Memoria Ram Corsair Vengeance 32GB DDR5, 5600MHZ,",https://www.compugamer.com.ec/gamer/432-home_default/CMK32GX5M1B5600C40.jpg,0
8c143a1b-fcf3-40a1-a851-e70747a70a0c,11900,3,2025-04-30 01:08:52.640,2025-04-30 01:08:52.640,"MONITOR ENV 1ESM1695 - 215"" FULL HD 1920x1080 - VA",https://www.compugamer.com.ec/gamer/614-home_default/1ESM1695.jpg,0
8c20d7af-d19d-442d-92ec-87724ca62d88,20535,1,2025-04-30 01:08:52.640,2025-04-30 01:08:52.640,"Tarjeta de Video Gigabyte NVIDIA GTX 1650 OC, 4GB",https://www.compugamer.com.ec/gamer/228-home_default/GV-N1656OC-4GD.jpg,0
8f859d6d-f9e3-4e3d-8147-10b55be33c5e,1.499,1,2025-04-30 01:08:52.640,2025-04-30 01:08:52.640,Tarjeta de Video Gigabyte RTX 4080 SUPER WINDFORCE,https://www.compugamer.com.ec/gamer/471-home_default/GV-N408SWF3V2-16GD.jpg,0
91238d4c-077f-44c7-9715-b5e8544935a1,38915,1,2025-04-30 01:08:52.639,2025-04-30 01:08:52.639,"Mainboard ASUS ATX ROG Strix Z790-H GAMING WIFI,",https://www.compugamer.com.ec/gamer/330-home_default/z790-h.jpg,0
9139ee43-27aa-42ec-8055-4f8638b049b2,29900,1,2025-04-30 01:08:52.640,2025-04-30 01:08:52.640,POWER STATION BLUETTI AC2A - 300 WATTS - 204WH,https://www.compugamer.com.ec/gamer/594-home_default/AC2A.jpg,0
927262fd-d4d2-493a-b054-e5b6a849097b,42500,1,2025-04-30 01:08:52.638,2025-04-30 01:08:52.638,"Monitor Gamer ASUS VG27AQA1A LED 27"", Quad HD,",https://www.compugamer.com.ec/gamer/342-home_default/VG27AQL1A.jpg,0
94b051c3-ef5d-4126-85b5-085c2f9875ce,6500,1,2025-04-30 01:08:52.641,2025-04-30 01:08:52.641,"Gamepad  MSI Force Gc300 Wireless,",https://www.compugamer.com.ec/gamer/616-home_default/Gc300.jpg,0
94f452e0-ce51-4f53-9fea-3b5d4b87cb46,13862,0,2025-04-30 01:08:52.641,2025-04-30 01:08:52.641,"Procesador Intel Core i3-10105, S-1200, 370GHz,",https://www.compugamer.com.ec/gamer/444-home_default/i3-10105.jpg,0
94fe3a63-9254-4f07-9fe5-daf4b748234d,26500,3,2025-04-30 01:08:52.639,2025-04-30 01:08:52.639,"Monitor GAMING ASUS VZ27EHF Eye Care, Ultra Slim,",https://www.compugamer.com.ec/gamer/607-home_default/VZ27EHF.jpg,0
966987a1-37ad-4fe3-8a28-71777ebbe4a0,16500,7,2025-04-30 01:08:52.637,2025-04-30 01:08:52.637,Procesador AMD Ryzen 5 5600G con Gráficos Radeon 7,https://www.compugamer.com.ec/gamer/262-home_default/5600g.jpg,0
96e43762-bcce-4331-bb48-5f3bceb27a76,8112,2,2025-04-30 01:08:52.640,2025-04-30 01:08:52.640,"Teclado Mecanico Gamer XPG Summoner RGB, Cherry MX",https://www.compugamer.com.ec/gamer/179-home_default/XPGSummoner.jpg,0
97bfa871-690a-409b-8c0a-030647863c7f,26594,2,2025-04-30 01:08:52.637,2025-04-30 01:08:52.637,"Monitor ASUS VA24EHF LED 238"", Full HD, 100Hz, 1MS,",https://www.compugamer.com.ec/gamer/220-home_default/monitor-asus-va24ehf-led-238-full-hd-100hz-1ms-hdmi-negro-montaje-en-pared.jpg,0
98bd9292-360a-49a4-b88a-f17fd277d794,1026,2,2025-04-30 01:08:52.641,2025-04-30 01:08:52.641,"Pasta Térmica PC - Laptop Corsair  TM30, 3 Gramos",https://www.compugamer.com.ec/gamer/169-home_default/tm30corsair.jpg,0
9b9d61ca-3c63-4927-8212-eeb2b20ee92f,51900,1,2025-04-30 01:08:52.640,2025-04-30 01:08:52.640,"Monitor ASUS ROG Strix 27"" QHD 2560x1440  180HZ,",https://www.compugamer.com.ec/gamer/569-home_default/XG27ACS.jpg,0
9c76b587-514e-4c78-a6c7-27d9570be403,58900,1,2025-04-30 01:08:52.641,2025-04-30 01:08:52.641,"Monitor Curvo ASUS ROG Strix 32"" QHD 2560x1440",https://www.compugamer.com.ec/gamer/570-home_default/XG32WCS.jpg,0
9db5a93f-6cdd-4904-bb38-987efed9b594,5500,1,2025-04-30 01:08:52.640,2025-04-30 01:08:52.640,Mini UPS SKE POE-830P-LFP - 20000 MAH - 5V/9V/12V -,https://www.compugamer.com.ec/gamer/605-home_default/MiniUPSSKEPOE-830P-LFP.jpg,0
9e7e1213-a103-4fec-b26d-eea08cc4a5d3,2000,1,2025-04-30 01:08:52.639,2025-04-30 01:08:52.639,"Regulador CDP con Supresor de Picos AVR 604, 300W,",https://www.compugamer.com.ec/gamer/589-home_default/avr604.jpg,0
a245606a-29c3-47a3-a131-8e09c1236e15,6058,1,2025-04-30 01:08:52.639,2025-04-30 01:08:52.639,"Case Antec NX290 con Ventana, Midi-Tower,",https://www.compugamer.com.ec/gamer/484-home_default/NX290.jpg,0
a52a95e9-9ef1-46bb-9af1-6da405b7f667,1.149,1,2025-04-30 01:08:52.641,2025-04-30 01:08:52.641,Tarjeta de Video Gigabyte RTX 4070 Ti SUPER GAMING,https://www.compugamer.com.ec/gamer/473-home_default/GV-N407TSGAMINGOC-16GD.jpg,0
a75fe249-7407-479e-8d7f-236e5baae10c,2.999,0,2025-04-30 01:08:52.641,2025-04-30 01:08:52.641,Tarjeta de Video Asus RTX5080  6GB GDDR7 OC Edition,https://www.compugamer.com.ec/gamer/611-home_default/rtx5080.jpg,0
a76d17a7-e333-43dc-9fc0-21c7e02353b9,61504,0,2025-04-30 01:08:52.641,2025-04-30 01:08:52.641,"Mainboard ASUS ATX ROG STRIX Z790-E GAMING WIFI,",https://www.compugamer.com.ec/gamer/265-home_default/z790egamingwifi.jpg,0
a82d3f47-dbfd-41c3-aeef-8593ed6fd390,8112,1,2025-04-30 01:08:52.641,2025-04-30 01:08:52.641,Cooler liquido Azza Galeforce  240mm para,https://www.compugamer.com.ec/gamer/311-home_default/cooler240.jpg,0
a9860385-8e00-450f-bbdf-e69c47687673,31000,1,2025-04-30 01:08:52.639,2025-04-30 01:08:52.639,SSD KINGSTON FURY RENEGADE 4TB M2 NVME 2280 PCI-E,https://www.compugamer.com.ec/gamer/604-home_default/4TBSSDRENEGADE.jpg,0
aa140bb7-200c-444d-9932-8f1dfbd8b9da,14170,7,2025-04-30 01:08:52.638,2025-04-30 01:08:52.638,"Mainboard ASUS Micro ATX PRIME B550M-A AC, S-AM4,",https://www.compugamer.com.ec/gamer/270-home_default/b550maac.jpg,0
aa1e1796-a7d4-453f-aa8c-8bce41f3dc6b,7900,7,2025-04-30 01:08:52.640,2025-04-30 01:08:52.640,"Case Antec AX81 Elite Midi-Tower, ATX",https://www.compugamer.com.ec/gamer/282-home_default/ax81antec.jpg,0
ac77ab70-d6dc-4582-933b-5a027f69154d,33371,2,2025-04-30 01:08:52.641,2025-04-30 01:08:52.641,"Mainbaord ASUS ATX TUF GAMING Z790-PLUS WIFI,",https://www.compugamer.com.ec/gamer/266-home_default/z790pluswifiddr5.jpg,0
ad1e570a-70bd-49ad-b94e-4448098e0f32,29900,1,2025-04-30 01:08:52.635,2025-04-30 01:08:52.635,"Procesador Intel Core i5-14400, S-1700, 250GHz,",https://www.compugamer.com.ec/gamer/445-home_default/i5-14400.jpg,0
ae5b0009-4645-460c-a2a3-b5af7e1be745,6058,2,2025-04-30 01:08:52.636,2025-04-30 01:08:52.636,"Teclado Mecánico Gamer Redragon Kumara K552W RGB,",https://www.compugamer.com.ec/gamer/174-home_default/teclado-mecanico-gamer-redragon-kumara-k552w-rgb-switch-red-usb-blanco.jpg,0
b2ac885c-189a-459d-976f-0df15a2fd623,12999,0,2025-04-30 01:08:52.641,2025-04-30 01:08:52.641,"Procesador AMD Ryzen 5 4600G Radeon Graphics, S-AM4",https://www.compugamer.com.ec/gamer/261-home_default/4600g.jpg,0
b485e474-f8c8-43ef-a6d2-ccf8f80640d4,8200,7,2025-04-30 01:08:52.638,2025-04-30 01:08:52.638,"Monitor LG 20MK400H-B LED 195"", 60Hz, HDMI, Negro",https://www.compugamer.com.ec/gamer/225-home_default/20mk400.jpg,0
b659c6e8-fbb8-4158-8e7f-2e96a22061f2,81500,1,2025-04-30 01:08:52.640,2025-04-30 01:08:52.640,"Tarjeta de Video ASUS Dual RTX 4070 SUPER OC, 12GB",https://www.compugamer.com.ec/gamer/465-home_default/DUAL-RTX4070S-O12G.jpg,0
c17d3a40-a645-4e47-a6ae-0c6a383f9bab,72500,1,2025-04-30 01:08:52.639,2025-04-30 01:08:52.639,"Procesador Intel Core i9-14900, S-1700, 20GHz,",https://www.compugamer.com.ec/gamer/565-home_default/i9-14900.jpg,0
c6189f25-9dbc-43e4-9bff-b6db5f15c2fd,91500,0,2025-04-30 01:08:52.641,2025-04-30 01:08:52.641,"Tarjeta de Video ASUS RTX 5070, 12GB 256-bit GDDR7,",https://www.compugamer.com.ec/gamer/621-home_default/rtx5070asus.jpg,0
c98808c5-44ed-49ae-b992-7777d8aa216e,4004,7,2025-04-30 01:08:52.640,2025-04-30 01:08:52.640,Case Mid Tower Normal USB 600watts,https://www.compugamer.com.ec/gamer/286-home_default/case600watts.jpg,0
cabeaa82-373c-4e8a-95e0-f36a44b48211,29674,1,2025-04-30 01:08:52.640,2025-04-30 01:08:52.640,Tarjeta de Video ASUS NVIDIA Phoenix GeForce RTX,https://www.compugamer.com.ec/gamer/240-home_default/RTX30508GB.jpg,0
cc56ead3-1863-4eb3-baca-9d7e6392ea5e,7999,1,2025-04-30 01:08:52.638,2025-04-30 01:08:52.638,"Audífonos Logitech G435 para PC/PS4/PS5,",https://www.compugamer.com.ec/gamer/418-home_default/981-001049.jpg,0
cc858fe9-2d53-4c73-b21c-57d02a94238a,47000,1,2025-04-30 01:08:52.640,2025-04-30 01:08:52.640,"Cooler Master Cosmos C700P, Full Tower,",https://www.compugamer.com.ec/gamer/612-home_default/C700P.jpg,0
d0cb79ec-2cd9-4fe9-a08b-0834ec30f153,8900,2,2025-04-30 01:08:52.639,2025-04-30 01:08:52.639,"Case Antec AX90 con Ventana , 3 Ventiladores",https://www.compugamer.com.ec/gamer/488-home_default/ax90.jpg,0
d5122f1b-a387-4ba9-9f9f-00f3394a4157,4500,1,2025-04-30 01:08:52.639,2025-04-30 01:08:52.639,Case Antec AX20 ELITE  3 fan RGB,https://www.compugamer.com.ec/gamer/487-home_default/ax20elite.jpg,0
d544c963-581d-438f-b50d-064b1bffb0ca,5900,7,2025-04-30 01:08:52.639,2025-04-30 01:08:52.639,"SSD Kingston NV3 NVMe, 500GB, PCI 40,",https://www.compugamer.com.ec/gamer/578-home_default/NV3500GB.jpg,0
d7aec5e6-14ca-49c9-9854-5dcc960702f2,44049,1,2025-04-30 01:08:52.641,2025-04-30 01:08:52.641,"Procesador Intel Core i5-14600K, S-1700, 350GHz,",https://www.compugamer.com.ec/gamer/443-home_default/i514600k.jpg,0
da9c5aa3-84fa-4b92-96cb-2995af3fc0b7,43900,1,2025-04-30 01:08:52.639,2025-04-30 01:08:52.639,"Monitor Gamer ASUS VG279QL1A LED 27"", Full HD,",https://www.compugamer.com.ec/gamer/367-home_default/VG279QL1A.jpg,0
dba4567a-4ad1-4ef5-ae8b-de4d78a90371,1700,4,2025-04-30 01:08:52.641,2025-04-30 01:08:52.641,"Pasta Térmica, ARCTIC MX4 8G para CPU,  LAPTOPS, PS",https://www.compugamer.com.ec/gamer/615-home_default/MX48G.jpg,0
de691bc8-8787-4541-9e6b-838935b6c7b2,13347,0,2025-04-30 01:08:52.641,2025-04-30 01:08:52.641,"Tarjeta de Video ASUS NVIDIA GeForce GT 1030, 2GB",https://www.compugamer.com.ec/gamer/242-home_default/gt10302gb.jpg,0
e1a66687-8b83-420a-b4d1-bfe20b717990,2.04946,1,2025-04-30 01:08:52.640,2025-04-30 01:08:52.640,Tarjeta de Video ASUS NVIDIA ROG Strix GeForce RTX,https://www.compugamer.com.ec/gamer/238-home_default/rtx4080strix.jpg,0
e24036fa-71fa-4dcc-8be0-2dd1f2608e6f,4900,1,2025-04-30 01:08:52.635,2025-04-30 01:08:52.635,"Soporte para monitores klipxtreme hasta 27"" soporte",https://www.compugamer.com.ec/gamer/332-home_default/KMM-400.jpg,0
e264a180-5d62-4ef8-b11f-5e9acb96166f,11900,1,2025-04-30 01:08:52.642,2025-04-30 01:08:52.642,Mainboard ASUS Micro-ATX PRIME H610M-K *DDR5*,https://www.compugamer.com.ec/gamer/454-home_default/H610MKDDR5.jpg,0
e47cd799-b26e-41d8-b78d-bc72e29b5552,14999,1,2025-04-30 01:08:52.638,2025-04-30 01:08:52.638,Fuente de Poder ASUS Prime 850Watts  Modelo AP-850G,https://www.compugamer.com.ec/gamer/564-home_default/AP-850G.jpg,0
e4b87436-dca4-4f1c-bfc6-f390d6a552be,18379,7,2025-04-30 01:08:52.640,2025-04-30 01:08:52.640,Procesador Intel Core i3-13100 Intel UHD Graphics,https://www.compugamer.com.ec/gamer/257-home_default/i313100.jpg,0
e6673b6d-8c52-4901-bb6e-26be6c3883a1,5031,7,2025-04-30 01:08:52.637,2025-04-30 01:08:52.637,"SSD Kingston A400, 480GB, SATA III, 25'', 7 mm",https://www.compugamer.com.ec/gamer/278-home_default/a400480gb.jpg,0
e6c52279-c1ea-49f3-bbc8-203fe4d36a9b,24500,2,2025-04-30 01:08:52.638,2025-04-30 01:08:52.638,"Impresora  Multifuncional Epson L3250, Color,",https://www.compugamer.com.ec/gamer/495-home_default/l3250.jpg,0
e9f5cae2-6c12-4cb3-99e4-bbb23e224713,6500,1,2025-04-30 01:08:52.640,2025-04-30 01:08:52.640,"Case Antec NX292 con Ventana, Midi-Tower WHITE - 4 FAN",https://www.compugamer.com.ec/gamer/483-home_default/NX292WHITE.jpg,0
ea114346-787f-4e86-a11d-8f0dca77eb48,6160,2,2025-04-30 01:08:52.638,2025-04-30 01:08:52.638,Cooler para CPU  Cooler Master Hyper 212 Black,https://www.compugamer.com.ec/gamer/313-home_default/hyper212black.jpg,0
eab242bf-b2d3-413b-8367-69ee0d82db83,50311,1,2025-04-30 01:08:52.638,2025-04-30 01:08:52.638,"Monitor ASUS ProArt PA278QV LED IPS 27"", Quad HD,",https://www.compugamer.com.ec/gamer/338-home_default/PA278QV.jpg,0
ebe56009-5599-46a5-bd48-c68dae2fe482,74853,2,2025-04-30 01:08:52.638,2025-04-30 01:08:52.638,"Procesador Intel Core i9-14900KF, S-1700, 56 GHz,",https://www.compugamer.com.ec/gamer/441-home_default/i9-14900kf.jpg,0
f044041d-ad94-4b2d-a2a8-34ce4fdd0f1b,12900,1,2025-04-30 01:08:52.638,2025-04-30 01:08:52.638,"UPS APC BVX900L-LM Línea interactiva, 480W, 900VA, 6",https://www.compugamer.com.ec/gamer/403-home_default/BVX900L-LM.jpg,0
f04de717-2d84-453b-a58b-cb877d61f7f6,43022,1,2025-04-30 01:08:52.642,2025-04-30 01:08:52.642,Tarjeta de Video Gigabyte NVIDIA GeForce RTX 3060,https://www.compugamer.com.ec/gamer/244-home_default/GV-N3060GAMINGOC-12GD.jpg,0
f1a54a7b-9a65-445b-97e9-4530ec8c00b0,23513,2,2025-04-30 01:08:52.639,2025-04-30 01:08:52.639,"Mainboard ASUS Micro-ATX PRIME B650M-A II-CSM, AM5,",https://www.compugamer.com.ec/gamer/271-home_default/B650MAIICSM.jpg,0
f9380e86-e62c-494b-bae1-00119493f78f,12219,1,2025-04-30 01:08:52.637,2025-04-30 01:08:52.637,Case Antec DF700 Flux con Ventana RGB,https://www.compugamer.com.ec/gamer/280-home_default/DF700.jpg,0
fbc7a151-f7d8-4315-9b2a-7e5d550251c6,8900,1,2025-04-30 01:08:52.639,2025-04-30 01:08:52.639,UPS FORZA BT-1001 - 1000VA/500WATTS - 6 TOMAS - 120V,https://www.compugamer.com.ec/gamer/593-home_default/BT-1001.jpg,0
fd202eac-5b08-43ea-959a-3c3cd6abc7db,59999,1,2025-04-30 01:08:52.638,2025-04-30 01:08:52.638,"Case ASUS ROG Hyperion, GR701, con Ventana ARGB, Tower,",https://www.compugamer.com.ec/gamer/287-home_default/GR701.jpg,0
fefbcd4e-dc6c-452b-bacb-4b277e2ba039,11900,1,2025-04-30 01:08:52.640,2025-04-30 01:08:52.640,"Mainbaord Micro-ATX H610M H, S-1700, Intel H610,",https://www.compugamer.com.ec/gamer/393-home_default/h610mhDDR5.jpg,0
